Symbol,Name,Coingecko,Address
GNO, Gnosis,https://www.coingecko.com/en/coins/gnosis, 0x9C58BAcC331c9aa871AFD802DB6379a98e80CEdb
ELK, Elk Finance, https://www.coingecko.com/en/coins/elk-finance, 0xeEeEEb57642040bE42185f49C52F7E9B38f8eeeE
DIP, Etherisc DIP, https://www.coingecko.com/en/coins/etherisc, 0x48b1B0d077b4919b65b4E4114806dD803901E1D9
BAO, Bao Finance V2, https://www.coingecko.com/en/coins/bao-finance-v2, 0x82dFe19164729949fD66Da1a37BC70dD6c4746ce
HAUS, DAOhaus, https://www.coingecko.com/en/coins/daohaus, 0xb0C5f3100A4d9d9532a4CfD68c55F1AE8da987Eb
STAKE, STAKE, https://www.coingecko.com/en/coins/stake, 0xb7D311E2Eb55F2f68a9440da38e7989210b9A05e
AGVE, Agave, https://www.coingecko.com/en/coins/agave-token, 0x3a97704a1b25f08aa230ae53b352e2e72ef52843
PRTCLE, Particle, https://www.coingecko.com/en/coins/particle, 0xb5d592f85ab2d955c25720ebe6ff8d4d1e1be300
TRIPS, Trips, https://www.coingecko.com/en/coins/trips-community, 0x479e32cDFF5F216f93060700C711D1cC8E811a6B
HNY, Honey, https://www.coingecko.com/en/coins/honey, 0x71850b7e9ee3f13ab46d67167341e4bdc905eef9